Source,Target,Count
fridaysforfuture,climatestrike,20
fridaysforfuture,uprootthesystem,15
fridaysforfuture,climatestrikeonline,14
fridaysforfuture,schoolstrike4climate,13
climatestrike,uprootthesystem,13
fridaysforfuture,nomoreemptypromises,13
climatestrike,climatestrikeonline,12
fridaysforfuture,climateaction,12
climatestrike,schoolstrike4climate,12
uprootthesystem,climateemergency,11
fridaysforfuture,fridayforfuture,11
climatestrikeonline,climateaction,11
uprootthesystem,climatestrikeonline,11
fridaysforfuture,climatecrisis,11
climatestrike,nomoreemptypromises,11
uprootthesystem,climateaction,11
climatestrike,climateaction,11
fridaysforfuture,climateemergency,11
climateaction,nomoreemptypromises,10
climatestrike,climatecrisis,10
climatestrike,fridayforfuture,10
climatecrisis,nomoreemptypromises,10
climatestrikeonline,schoolstrike4climate,10
fridaysforfuture,facetheclimateemergency,10
uprootthesystem,nomoreemptypromises,10
uprootthesystem,schoolstrike4climate,10
climatestrike,climateemergency,10
uprootthesystem,fridayforfuture,9
climateemergency,climatestrikeonline,9
climateaction,facetheclimateemergency,9
climateaction,schoolstrike4climate,9
nomoreemptypromises,fridayforfuture,9
climatestrikeonline,facetheclimateemergency,9
uprootthesystem,facetheclimateemergency,9
uprootthesystem,climatecrisis,9
climateemergency,climateaction,9
climateaction,climatecrisis,9
climateemergency,nomoreemptypromises,9
climateemergency,schoolstrike4climate,9
climatestrikeonline,climatecrisis,9
climatestrikeonline,nomoreemptypromises,9
climateaction,fridayforfuture,9
climatestrikeonline,gretathunberg,8
climatestrike,globalclimatestrike,8
climateaction,gretathunberg,8
climatestrikeonline,cop26,8
climateaction,cop26,8
fridaysforfuture,cop26,8
climatestrikeonline,fridayforfuture,8
fridayforfuture,cop26,8
uprootthesystem,globalclimatestrike,8
nomoreemptypromises,globalclimatestrike,8
fridaysforfuture,gretathunberg,8
climatecrisis,fridayforfuture,8
climatestrike,fightfor1point5,8
fridaysforfuture,globalclimatestrike,8
schoolstrike4climate,facetheclimateemergency,8
climatestrike,climateactionnow,8
fridaysforfuture,fightfor1point5,8
climateemergency,globalclimatestrike,8
fridaysforfuture,climateactionnow,8
climateemergency,gretathunberg,8
climatestrike,cop26,8
climatestrike,facetheclimateemergency,8
climateemergency,fridayforfuture,8
uprootthesystem,gretathunberg,8
uprootthesystem,cop26,8
nomoreemptypromises,gretathunberg,8
climateemergency,climatecrisis,8
climatestrike,gretathunberg,7
uprootthesystem,climateactionnow,7
uprootthesystem,mindthegap,7
fridayforfuture,fightfor1point5,7
climatestrikeonline,mindthegap,7
uprootthesystem,fightfor1point5,7
climatestrikeonline,globalclimatestrike,7
climateactionnow,nomoreemptypromises,7
fridaysforfuture,climatejustice,7
climateemergency,facetheclimateemergency,7
climatecrisis,globalclimatestrike,7
climateaction,fightfor1point5,7
climatejustice,climateemergency,7
nomoreemptypromises,cop26,7
schoolstrike4climate,globalclimatestrike,7
climatecrisis,climateactionnow,7
climatecrisis,schoolstrike4climate,7
climatejustice,uprootthesystem,7
climateemergency,cop26,7
schoolstrike4climate,gretathunberg,7
climatecrisis,gretathunberg,7
fridayforfuture,globalclimatestrike,7
climatecrisis,fightfor1point5,7
schoolstrike4climate,cop26,7
climateemergency,mindthegap,7
nomoreemptypromises,fightfor1point5,7
schoolstrike4climate,fridayforfuture,7
fridaysforfuture,mindthegap,7
nomoreemptypromises,facetheclimateemergency,7
gretathunberg,globalclimatestrike,7
climateaction,globalclimatestrike,7
climateaction,mindthegap,7
nomoreemptypromises,schoolstrike4climate,7
climatejustice,climateaction,6
climatejustice,climatestrikeonline,6
climatejustice,schoolstrike4climate,6
climatestrike,climatechange,6
gretathunberg,facetheclimateemergency,6
climatestrike,mindthegap,6
schoolstrike4climate,climatechange,6
mindthegap,facetheclimateemergency,6
mindthegap,gretathunberg,6
mindthegap,schoolstrike4climate,6
mindthegap,nomoreemptypromises,6
climatejustice,climatestrike,6
uprootthesystem,climatechange,6
climatechange,globalclimatestrike,6
climatecrisis,fff,6
climateaction,climateactionnow,6
climateaction,climatechange,6
climatestrikeonline,climatechange,6
fridayforfuture,gretathunberg,6
climatecrisis,facetheclimateemergency,6
climatestrikeonline,fff,6
climatestrikeonline,fightfor1point5,6
fridayforfuture,facetheclimateemergency,6
cop26,globalclimatestrike,6
climatechange,gretathunberg,6
climatecrisis,cop26,6
climatecrisis,climatechange,6
nomoreemptypromises,climatechange,6
climateemergency,climateactionnow,6
climateemergency,climatechange,6
climatestrike,fff,6
climateactionnow,fridayforfuture,6
climatestrikeonline,climateactionnow,6
cop26,gretathunberg,6
climateactionnow,fightfor1point5,6
cop26,facetheclimateemergency,6
climateactionnow,globalclimatestrike,6
fridaysforfuture,climatechange,6
fridaysforfuture,fff,6
climateactionnow,gretathunberg,5
fridays4future,fridayforfuture,5
fridays4future,cop26,5
uprootthesystem,digitalstrike,5
gretathunberg,glasgow,5
climateemergency,fightfor1point5,5
fridays4future,gretathunberg,5
uprootthesystem,fridays4future,5
fridaysforfuture,raiseyourstandards,5
fightfor1point5,globalclimatestrike,5
climatestrikeonline,glasgow,5
climateemergency,glasgow,5
nomoreemptypromises,raiseyourstandards,5
fff,fightfor1point5,5
schoolstrike4climate,glasgow,5
climatejustice,facetheclimateemergency,5
climatejustice,gretathunberg,5
mindthegap,globalclimatestrike,5
fridaysforfuture,digitalstrike,5
climateemergency,fridays4future,5
facetheclimateemergency,globalclimatestrike,5
fridaysforfuture,fridays4future,5
climatechange,cop26,5
cop26,fightfor1point5,5
climatestrikeonline,digitalstrike,5
climatestrikeonline,fridays4future,5
fridayforfuture,climatechange,5
fridayforfuture,glasgow,5
cop26,fff,5
nomoreemptypromises,cleanupstandardchartered,5
nomoreemptypromises,glasgow,5
climateaction,digitalstrike,5
fridayforfuture,fff,5
fridaysforfuture,glasgow,5
climateaction,fridays4future,5
climatestrike,glasgow,5
nomoreemptypromises,fff,5
climatecrisis,mindthegap,5
climateaction,fff,5
nomoreemptypromises,fridays4future,5
uprootthesystem,glasgow,5
climatejustice,climatecrisis,5
climatejustice,nomoreemptypromises,5
cleanupstandardchartered,raiseyourstandards,5
climateactionnow,fff,5
uprootthesystem,fff,5
digitalstrike,climateactionnow,5
cop26,glasgow,5
climatestrike,fridays4future,5
schoolstrike4climate,fridays4future,5
mindthegap,cop26,5
digitalstrike,nomoreemptypromises,5
mindthegap,fridayforfuture,5
fridaysforfuture,withdrawthecap,5
glasgow,globalclimatestrike,5
climateaction,glasgow,5
schoolstrike4climate,fff,5
digitalstrike,climatecrisis,5
fridaysforfuture,cleanupstandardchartered,5
climateactionnow,cop26,5
climateactionnow,climatechange,5
fridays4future,globalclimatestrike,5
climatestrike,digitalstrike,5
climateactionnow,schoolstrike4climate,5
schoolstrike4climate,fightfor1point5,5
uprootthesystem,endfossilfuels,4
climatecrisis,klimakrise,4
fridaysforfuture,klimakrise,4
digitalstrike,globalclimatestrike,4
nomoreemptypromises,cop26glasgow,4
climatecrisis,climate,4
climateaction,klimakrise,4
climatecrisis,endfossilfuels,4
climatecrisis,klimastreik,4
digitalstrike,gretathunberg,4
climatecrisis,climatejusticenow,4
fridayforfuture,страйкзаклімат,4
nomoreemptypromises,klimastreik,4
nomoreemptypromises,страйкзаклімат,4
fridaysforfuture,unitebehindthescience,4
nomoreemptypromises,climatejusticenow,4
cop26glasgow,globalclimatestrike,4
digitalstrike,cop26,4
climatecrisis,страйкзаклімат,4
digitalstrike,fff,4
mindthegap,climatechange,4
climatecrisis,glasgow,4
climatestrike,raiseyourstandards,4
climateaction,unitebehindthescience,4
endfossilfuels,unitebehindthescience,4
fridayforfuture,cleanupstandardchartered,4
gretathunberg,klimastreik,4
klimastreik,globalclimatestrike,4
nomoreemptypromises,unitebehindthescience,4
mindthegap,fridays4future,4
gretathunberg,climatejusticenow,4
fridaysforfuture,endfossilfuels,4
gretathunberg,fightfor1point5,4
gretathunberg,fff,4
gretathunberg,extinctionrebellion,4
climateaction,raiseyourstandards,4
climatecrisis,bundestagswahl21,4
cop26,extinctionrebellion,4
schoolstrike4climate,bundestagswahl21,4
climatecrisis,unitebehindthescience,4
fightfor1point5,страйкзаклімат,4
climatecrisis,cleanupstandardchartered,4
climatestrike,bundestagswahl21,4
fridayforfuture,raiseyourstandards,4
nomoreemptypromises,endfossilfuels,4
uprootthesystem,greta,4
cop26,klimakrise,4
nomoreemptypromises,extinctionrebellion,4
fightfor1point5,raiseyourstandards,4
climateaction,extinctionrebellion,4
fridays4future,cop26glasgow,4
fridays4future,fff,4
extinctionrebellion,globalclimatestrike,4
fridays4future,fightfor1point5,4
uprootthesystem,unitebehindthescience,4
schoolstrike4climate,extinctionrebellion,4
climateaction,endfossilfuels,4
climateaction,cop26glasgow,4
fridays4future,glasgow,4
climateemergency,greta,4
fightfor1point5,cleanupstandardchartered,4
climatejusticenow,globalclimatestrike,4
schoolstrike4climate,cop26glasgow,4
climatestrike,withdrawthecap,4
climateaction,страйкзаклімат,4
climatejusticenow,klimastreik,4
schoolstrike4climate,climate,4
climatejustice,cop26,4
climatejustice,climatechange,4
climatejustice,fridayforfuture,4
schoolstrike4climate,klimastreik,4
schoolstrike4climate,actnow,4
fff,globalclimatestrike,4
schoolstrike4climate,climatejusticenow,4
climatejustice,mindthegap,4
climateemergency,cop26glasgow,4
fridays4future,extinctionrebellion,4
climatecrisis,fridays4future,4
climateemergency,digitalstrike,4
digitalstrike,climatechange,4
nomoreemptypromises,klimakrise,4
climatejustice,globalclimatestrike,4
ilmastolakko,ilmastokriisi,4
digitalstrike,fridayforfuture,4
climateaction,actnow,4
climateaction,climatejusticenow,4
fightfor1point5,facetheclimateemergency,4
climateaction,withdrawthecap,4
withdrawthecap,raiseyourstandards,4
fightfor1point5,actnow,4
fridaysforfuture,greta,4
climateemergency,klimastreik,4
digitalstrike,schoolstrike4climate,4
climateaction,klimastreik,4
cleanupstandardchartered,withdrawthecap,4
climateemergency,extinctionrebellion,4
fridays4future,climatechange,4
digitalstrike,mindthegap,4
climateemergency,fff,4
schoolstrike4climate,greta,4
climateaction,cleanupstandardchartered,4
digitalstrike,fightfor1point5,4
extinctionrebellion,cop26glasgow,4
climateemergency,climatejusticenow,4
climatestrikeonline,globalstrike,4
digitalstrike,facetheclimateemergency,4
fridaysforfuture,actnow,4
climatestrike,climatejusticenow,4
climatestrike,actnow,4
uprootthesystem,klimakrise,4
climatestrikeonline,cop26glasgow,4
climatestrike,climate,4
climatestrikeonline,unitebehindthescience,4
fridayforfuture,withdrawthecap,4
uprootthesystem,extinctionrebellion,4
fridayforfuture,cop26glasgow,4
climatestrike,extinctionrebellion,4
climatestrike,klimakrise,4
climateactionnow,facetheclimateemergency,4
cop26,klimastreik,4
fridaysforfuture,climate,4
climatestrikeonline,klimastreik,4
fridaysforfuture,страйкзаклімат,4
climatestrikeonline,climatejusticenow,4
climatestrikeonline,actnow,4
fightfor1point5,withdrawthecap,4
uprootthesystem,cop26glasgow,4
climatecrisis,raiseyourstandards,4
climatestrike,страйкзаклімат,4
climatestrike,klimastreik,4
climatestrikeonline,endfossilfuels,4
cop26,cop26glasgow,4
klimakrise,fff,4
climatechange,klimastreik,4
climatechange,facetheclimateemergency,4
climatestrike,ilmastokriisi,4
climatechange,climatejusticenow,4
climatestrike,ilmastolakko,4
climatechange,fightfor1point5,4
fridaysforfuture,bundestagswahl21,4
fridaysforfuture,cop26glasgow,4
fridaysforfuture,neubauer,4
climatechange,fff,4
climatechange,glasgow,4
climatestrike,cop26glasgow,4
fridaysforfuture,globalstrike,4
klimakrise,fightfor1point5,4
fridayforfuture,klimastreik,4
climatestrikeonline,climate,4
fridayforfuture,climatejusticenow,4
fridaysforfuture,extinctionrebellion,4
uprootthesystem,klimastreik,4
fridaysforfuture,ilmastokriisi,4
fridaysforfuture,klimastreik,4
fridaysforfuture,ilmastolakko,4
climateactionnow,mindthegap,4
uprootthesystem,climatejusticenow,4
fridayforfuture,extinctionrebellion,4
cop26,climatejusticenow,4
uprootthesystem,actnow,4
climateactionnow,fridays4future,4
climatestrikeonline,bundestagswahl21,4
climateactionnow,klimakrise,4
climatestrike,cleanupstandardchartered,4
climatestrike,greta,4
nomoreemptypromises,withdrawthecap,4
climatecrisis,withdrawthecap,4
fridayforfuture,klimakrise,4
fridaysforfuture,climatejusticenow,4
gretathunberg,cop26glasgow,4
climatestrikeonline,klimakrise,4
climatestrikeonline,extinctionrebellion,4
gretathunberg,greta,3
votethiscapdown,globalclimatestrike,3
fff,страйкзаклімат,3
uprootthesystem,actonclimate,3
fff,neubauer,3
fff,cop26glasgow,3
uprootthesystem,climate,3
fff,votethiscapdown,3
uprootthesystem,neubauer,3
climateaction,allefür1komma5,3
climatestrikeonline,cleanupstandardchartered,3
fightfor1point5,endfossilfuels,3
actnow,allefür1komma5,3
fff,endfossilfuels,3
greennewdeal,fightfor1point5,3
fff,nomoreblahblahblah,3
mindthegap,keepitintheground,3
fff,glasgow,3
climatestrike,irtiturpeesta,3
fridayfeeling,globalclimatestrike,3
actnow,ff,3
fff,actnow,3
fridaysforfuture,anotherworldispossible,3
globalclimatestrike,nomoreemptysummits,3
fridaymorning,fridaythoughts,3
climatestrikeonline,friday,3
actnow,globalclimatestrike,3
votethiscapdown,glasgow,3
greennewdeal,globalclimatestrike,3
fridays4future,anotherworldispossible,3
votethiscapdown,greta,3
fff,climate,3
gretathunberg,berlin,3
climatestrikeonline,bundestagswahl,3
fff,makeparisreal,3
cop26glasgow,blackfriday,3
actnow,bundestagswahl,3
nomoreemptypromises,nomoreemptysummits,3
fff,climatejusticenow,3
fridays4future,globalstrike,3
globalclimatestrike,rt,3
fff,facetheclimateemergency,3
fff,greta,3
fff,klimastreik,3
fff,ilmastolakko,3
fff,ilmastokriisi,3
fridaysforfuture,irtiturpeesta,3
mindthegap,extinctionrebellion,3
fightfor1point5,greta,3
fightfor1point5,rt,3
fightfor1point5,glasgow,3
fridayforfuture,fridaythoughts,3
gretathunberg,unitebehindthescience,3
mindthegap,cop26glasgow,3
fff,nytonpakko,3
fridayforfuture,allefür1komma5,3
digitalstrike,fridays4future,3
fff,unitebehindthescience,3
globalclimatestrike,allefür1komma5,3
fff,bundestagswahl,3
gretathunberg,nomoreemptysummits,3
climatestrikeonline,withdrawthecap,3
makeparisreal,raiseyourstandards,3
fridays4future,pride,3
co2,greta,3
nomoreemptypromises,allefür1komma5,3
fff,bundestagswahl21,3
globalclimatestrike,fridaythoughts,3
fff,precop26,3
mindthegap,actonclimate,3
nomoreemptypromises,fridaythoughts,3
fff,laschet,3
fightfor1point5,nomoreblahblahblah,3
mindthegap,fightfor1point5,3
fridayfeeling,rt,3
nomoreemptypromises,ff,3
fff,klimawahl,3
uprootthesystem,makeparisreal,3
fightfor1point5,fridaymotivation,3
nomoreemptypromises,gogreen,3
mindthegap,fff,3
uprootthesystem,klimawandel,3
votethiscapdown,precop26,3
digitalstrike,klimakrise,3
fridays4future,precop26,3
climatestrikeonline,berlin,3
fff,cleanupstandardchartered,3
uprootthesystem,co2,3
votethiscapdown,globalstrike,3
gretathunberg,bundestagswahl,3
mindthegap,glasgow,3
mindthegap,friday,3
climatestrikeonline,nomoreemptysummits,3
climatestrikeonline,nytonpakko,3
actnow,anotherworldispossible,3
uprootthesystem,riseupmovement,3
fridayforfuture,nordstream2,3
climatestrikeonline,nomoreblahblahblah,3
fridayforfuture,berlin,3
klimawahl,withdrawthecap,3
fridays4future,bundestagswahl,3
climatestrikeonline,greta,3
fridaysforfuture,rt,3
fightfor1point5,fridaymorning,3
uprootthesystem,greennewdeal,3
fightfor1point5,fridayfeeling,3
precop26,globalstrike,3
uprootthesystem,страйкзаклімат,3
allefür1komma5,anotherworldispossible,3
climatestrikeonline,actonclimate,3
nomoreblahblahblah,ff,3
nomoreemptypromises,makeparisreal,3
gretathunberg,blackfriday,3
fridayforfuture,pride,3
gretathunberg,keepitintheground,3
globalclimatestrike,gogreen,3
nomoreemptypromises,neubauer,3
nomoreemptypromises,nomoreblahblahblah,3
fridayforfuture,globalstrike,3
climatestrikeonline,riseupmovement,3
nomoreemptypromises,blackfriday,3
fightfor1point5,klimawahl,3
nomoreemptypromises,votethiscapdown,3
nomoreemptypromises,fridaymotivation,3
climatestrikeonline,ilmastolakko,3
climatestrikeonline,ilmastokriisi,3
uprootthesystem,votethiscapdown,3
gretathunberg,votethiscapdown,3
gretathunberg,globalstrike,3
nomoreemptypromises,actonclimate,3
fightfor1point5,laschet,3
fridaysforfuture,gogreen,3
nomoreemptypromises,actnow,3
fridayforfuture,klimawahl,3
globalclimatestrike,globalstrike,3
fightfor1point5,allefür1komma5,3
fridayforfuture,bundestagswahl21,3
nomoreemptypromises,riseupmovement,3
climatestrikeonline,ff,3
globalclimatestrike,anotherworldispossible,3
fridaysforfuture,pride,3
globalclimatestrike,bundestagswahl21,3
fridayforfuture,gogreen,3
nomoreblahblahblah,allefür1komma5,3
gretathunberg,actnow,3
gretathunberg,co2,3
climatestrikeonline,co2,3
gretathunberg,climate,3
climatestrikeonline,klimawandel,3
uprootthesystem,blackfriday,3
gretathunberg,riseupmovement,3
fridaysforfuture,nomoreemptysummits,3
nomoreblahblahblah,bundestagswahl,3
gretathunberg,actonclimate,3
globalclimatestrike,bundestagswahl,3
gretathunberg,bundestagswahl21,3
nomoreemptypromises,bundestagswahl,3
climateaction,anotherworldispossible,3
globalclimatestrike,precop26,3
gretathunberg,klimakrise,3
nomoreemptypromises,nordstream2,3
globalclimatestrike,berlin,3
nomoreemptypromises,berlin,3
fightfor1point5,ff,3
nomoreemptypromises,precop26,3
nomoreemptypromises,keepitintheground,3
nomoreblahblahblah,globalclimatestrike,3
nomoreemptypromises,greta,3
climateaction,theworldiswatching,3
globalclimatestrike,pride,3
nomoreemptypromises,fridaymorning,3
nomoreemptypromises,fridayfeeling,3
fightfor1point5,globalstrike,3
co2,votethiscapdown,3
nomoreemptypromises,laschet,3
nomoreemptypromises,friday,3
nomoreemptypromises,climate,3
gretathunberg,ff,3
nomoreemptypromises,globalstrike,3
uprootthesystem,fridayfeeling,3
climatestrikeonline,keepitintheground,3
climateaction,nomoreemptysummits,3
nomoreemptypromises,pride,3
uprootthesystem,fridaymorning,3
globalclimatestrike,ff,3
climatestrikeonline,votethiscapdown,3
gretathunberg,allefür1komma5,3
climatestrike,disharavi,3
climatestrikeonline,allefür1komma5,3
greta,pride,3
fridayforfuture,unitebehindthescience,3
uprootthesystem,klimaschutz,3
climatestrikeonline,blackfriday,3
nomoreblahblahblah,anotherworldispossible,3
actnow,climatejusticenow,3
actnow,facetheclimateemergency,3
actnow,klimastreik,3
gretathunberg,friday,3
fightfor1point5,unitebehindthescience,3
climatestrikeonline,precop26,3
climatestrikeonline,klimawahl,3
ilmastolakko,irtiturpeesta,3
fridayforfuture,ff,3
fridaymorning,globalclimatestrike,3
co2,fightfor1point5,3
actnow,nomoreblahblahblah,3
climatestrike,theworldiswatching,3
fridays4future,ff,3
climateaction,pride,3
climateaction,gogreen,3
fightfor1point5,nordstream2,3
fridayforfuture,disharavi,3
precop26,pride,3
fightfor1point5,fridaythoughts,3
fridayforfuture,laschet,3
fridaysforfuture,allefür1komma5,3
fridaysforfuture,fridaythoughts,3
nomoreemptypromises,rt,3
nomoreemptypromises,bundestagswahl21,3
fridayforfuture,precop26,3
co2,fff,3
fridayforfuture,anotherworldispossible,3
climatestrikeonline,laschet,3
climatestrikeonline,makeparisreal,3
nomoreemptypromises,greennewdeal,3
greennewdeal,disharavi,3
gretathunberg,precop26,3
fightfor1point5,precop26,3
uprootthesystem,fridaymotivation,3
climatestrikeonline,neubauer,3
nomoreemptypromises,co2,3
uprootthesystem,nomoreblahblahblah,3
gretathunberg,endfossilfuels,3
ff,anotherworldispossible,3
nomoreemptypromises,klimawandel,3
ilmastolakko,nytonpakko,3
co2,glasgow,3
fridayforfuture,bundestagswahl,3
nomoreemptypromises,klimawahl,3
fridays4future,allefür1komma5,3
nomoreemptypromises,anotherworldispossible,3
uprootthesystem,friday,3
gretathunberg,nomoreblahblahblah,3
fridayforfuture,rt,3
climatestrikeonline,страйкзаклімат,3
fightfor1point5,bundestagswahl,3
actnow,cop26glasgow,3
climatestrike,rt,3
fridaysforfuture,theworldiswatching,3
glasgow,precop26,3
climatechange,votethiscapdown,3
cop26,bundestagswahl,3
schoolstrike4climate,withdrawthecap,3
klimakrise,extinctionrebellion,3
cop26,precop26,3
climatechange,cop26glasgow,3
cop26,laschet,3
cop26,bundestagswahl21,3
climatecrisis,irtiturpeesta,3
cop26,klimawahl,3
climatestrike,makeparisreal,3
schoolstrike4climate,irtiturpeesta,3
climatechange,actnow,3
climatechange,riseupmovement,3
klimakrise,anotherworldispossible,3
climatechange,climate,3
cop26,globalstrike,3
climatechange,extinctionrebellion,3
climateactionnow,theworldiswatching,3
climatechange,co2,3
climatestrike,neubauer,3
endfossilfuels,raiseyourstandards,3
climatechange,nomoreblahblahblah,3
cop26,unitebehindthescience,3
climatestrike,co2,3
climatestrike,klimaschutz,3
climatechange,precop26,3
climatechange,bundestagswahl,3
cop26,cleanupstandardchartered,3
facetheclimateemergency,withdrawthecap,3
klimakrise,withdrawthecap,3
glasgow,berlin,3
climatestrike,klimawandel,3
cop26,berlin,3
makeparisreal,unitebehindthescience,3
climatechange,friday,3
klimakrise,klimastreik,3
climatestrike,greennewdeal,3
climatecrisis,disharavi,3
climatechange,greta,3
climatestrike,riseupmovement,3
klimakrise,facetheclimateemergency,3
klimakrise,climatejusticenow,3
klimakrise,actnow,3
climatecrisis,theworldiswatching,3
climatechange,klimakrise,3
facetheclimateemergency,unitebehindthescience,3
climateactionnow,raiseyourstandards,3
cop26,ff,3
klimaschutz,climateaction,3
cop26,anotherworldispossible,3
klimaschutz,climatecrisis,3
klimaschutz,climateactionnow,3
klimaschutz,nomoreemptypromises,3
klimaschutz,schoolstrike4climate,3
klimaschutz,fridays4future,3
cop26,pride,3
cop26,gogreen,3
klimaschutz,fridayforfuture,3
klimaschutz,climatechange,3
klimaschutz,cop26,3
klimaschutz,gretathunberg,3
klimaschutz,klimakrise,3
klimaschutz,extinctionrebellion,3
klimaschutz,fff,3
klimaschutz,fightfor1point5,3
klimaschutz,actnow,3
klimaschutz,climatejusticenow,3
klimaschutz,klimastreik,3
klimaschutz,cop26glasgow,3
klimaschutz,climatestrikeonline,3
klimaschutz,climateemergency,3
climatejustice,gogreen,3
facetheclimateemergency,glasgow,3
schoolstrike4climate,nomoreemptysummits,3
climateactionnow,disharavi,3
climatestrike,blackfriday,3
climatestrike,votethiscapdown,3
cop26,allefür1komma5,3
climatestrike,endfossilfuels,3
climatestrike,fridaymotivation,3
makeparisreal,klimawahl,3
glasgow,globalstrike,3
facetheclimateemergency,friday,3
schoolstrike4climate,allefür1komma5,3
climatestrike,nomoreblahblahblah,3
facetheclimateemergency,endfossilfuels,3
facetheclimateemergency,страйкзаклімат,3
cop26,withdrawthecap,3
climatestrike,friday,3
facetheclimateemergency,cop26glasgow,3
facetheclimateemergency,klimastreik,3
climatestrike,fridayfeeling,3
climatestrike,fridaymorning,3
climatechange,bundestagswahl21,3
climatechange,globalstrike,3
fff,globalstrike,3
extinctionrebellion,allefür1komma5,3
extinctionrebellion,climatejusticenow,3
extinctionrebellion,actnow,3
klimakrise,cleanupstandardchartered,3
extinctionrebellion,fightfor1point5,3
extinctionrebellion,bundestagswahl,3
climateactionnow,unitebehindthescience,3
extinctionrebellion,fff,3
climateactionnow,rt,3
climateactionnow,anotherworldispossible,3
klimakrise,klimawahl,3
facetheclimateemergency,theworldiswatching,3
climateactionnow,pride,3
страйкзаклімат,withdrawthecap,3
climateactionnow,cleanupstandardchartered,3
makeparisreal,cleanupstandardchartered,3
extinctionrebellion,ff,3
schoolstrike4climate,gogreen,3
schoolstrike4climate,pride,3
climatechange,gogreen,3
klimakrise,ff,3
climatechange,pride,3
extinctionrebellion,facetheclimateemergency,3
endfossilfuels,klimawahl,3
extinctionrebellion,klimastreik,3
extinctionrebellion,berlin,3
makeparisreal,endfossilfuels,3
climateactionnow,globalstrike,3
extinctionrebellion,glasgow,3
climateactionnow,allefür1komma5,3
climateactionnow,fridaythoughts,3
klimakrise,unitebehindthescience,3
extinctionrebellion,nomoreblahblahblah,3
klimakrise,globalclimatestrike,3
endfossilfuels,cleanupstandardchartered,3
climateactionnow,klimawahl,3
climateactionnow,bundestagswahl,3
страйкзаклімат,cleanupstandardchartered,3
extinctionrebellion,blackfriday,3
klimakrise,bundestagswahl,3
climateactionnow,nomoreemptysummits,3
climateactionnow,laschet,3
climateactionnow,precop26,3
climateactionnow,withdrawthecap,3
makeparisreal,neubauer,3
klimakrise,laschet,3
climateactionnow,greta,3
cop26,klimawandel,3
climatechange,ff,3
cop26,co2,3
cop26,страйкзаклімат,3
cop26,blackfriday,3
climatechange,nomoreemptysummits,3
klimakrise,страйкзаклімат,3
cop26,votethiscapdown,3
climateactionnow,klimastreik,3
climateactionnow,climatejusticenow,3
climateactionnow,actnow,3
climateactionnow,climate,3
cop26,endfossilfuels,3
extinctionrebellion,anotherworldispossible,3
climatechange,allefür1komma5,3
cop26,nomoreblahblahblah,3
climateactionnow,greennewdeal,3
climateactionnow,extinctionrebellion,3
climateactionnow,co2,3
climateactionnow,klimawandel,3
klimakrise,neubauer,3
klimakrise,cop26glasgow,3
klimakrise,makeparisreal,3
cop26,greta,3
страйкзаклімат,raiseyourstandards,3
klimakrise,allefür1komma5,3
climateactionnow,makeparisreal,3
climateactionnow,fridaymotivation,3
climatechange,anotherworldispossible,3
climateactionnow,fridaymorning,3
climateactionnow,fridayfeeling,3
cop26,riseupmovement,3
climateactionnow,glasgow,3
climateactionnow,friday,3
cop26,actnow,3
climateactionnow,nomoreblahblahblah,3
endfossilfuels,withdrawthecap,3
climateactionnow,endfossilfuels,3
glasgow,greta,3
klimakrise,nomoreblahblahblah,3
climateactionnow,votethiscapdown,3
klimakrise,endfossilfuels,3
climateactionnow,страйкзаклімат,3
schoolstrike4climate,anotherworldispossible,3
cop26,makeparisreal,3
climateactionnow,neubauer,3
climateactionnow,cop26glasgow,3
cop26,neubauer,3
friday,globalclimatestrike,3
cop26,raiseyourstandards,3
climatecrisis,gogreen,3
schoolstrike4climate,ilmastolakko,3
climateemergency,berlin,3
schoolstrike4climate,votethiscapdown,3
schoolstrike4climate,blackfriday,3
climateemergency,unitebehindthescience,3
climatestrike,anotherworldispossible,3
climateemergency,bundestagswahl,3
climateemergency,precop26,3
climateemergency,keepitintheground,3
climateemergency,bundestagswahl21,3
climatejustice,klimastreik,3
climateemergency,globalstrike,3
climatestrike,pride,3
climatejustice,climatejusticenow,3
climatejusticenow,glasgow,3
climatejustice,climate,3
climatejusticenow,nomoreblahblahblah,3
climatestrike,gogreen,3
fridays4future,blackfriday,3
climateemergency,ff,3
fridays4future,votethiscapdown,3
nordstream2,raiseyourstandards,3
fightfor1point5,anotherworldispossible,3
schoolstrike4climate,nomoreblahblahblah,3
climatejusticenow,bundestagswahl,3
climateemergency,fridaymotivation,3
climateemergency,actonclimate,3
fridays4future,klimakrise,3
climatejusticenow,allefür1komma5,3
fridays4future,co2,3
climateemergency,blackfriday,3
climateemergency,votethiscapdown,3
climatejusticenow,ff,3
climatejustice,glasgow,3
climateemergency,endfossilfuels,3
climateemergency,nomoreblahblahblah,3
fridays4future,klimastreik,3
fridays4future,actnow,3
fridays4future,climatejusticenow,3
climateemergency,friday,3
fridays4future,facetheclimateemergency,3
climateemergency,fridayfeeling,3
climateemergency,fridaymorning,3
climatejusticenow,bundestagswahl21,3
climatejustice,endfossilfuels,3
schoolstrike4climate,friday,3
schoolstrike4climate,ilmastokriisi,3
climatejusticenow,cop26glasgow,3
climatecrisis,pride,3
climateemergency,allefür1komma5,3
fff,anotherworldispossible,3
cop26glasgow,ff,3
fightfor1point5,climatejusticenow,3
fightfor1point5,klimastreik,3
fff,withdrawthecap,3
fridays4future,berlin,3
cop26glasgow,bundestagswahl,3
cop26glasgow,berlin,3
fridaysforfuture,disharavi,3
fightfor1point5,makeparisreal,3
climateemergency,disharavi,3
fff,allefür1komma5,3
votethiscapdown,pride,3
fightfor1point5,cop26glasgow,3
fightfor1point5,neubauer,3
digitalstrike,friday,3
fff,ff,3
digitalstrike,страйкзаклімат,3
cop26glasgow,glasgow,3
fightfor1point5,votethiscapdown,3
cop26glasgow,nomoreblahblahblah,3
fff,pride,3
ilmastokriisi,nytonpakko,3
cop26glasgow,allefür1komma5,3
schoolstrike4climate,klimakrise,3
climateemergency,fridaythoughts,3
climatejustice,climateactionnow,3
fff,irtiturpeesta,3
fridays4future,nomoreblahblahblah,3
climateemergency,nomoreemptysummits,3
schoolstrike4climate,riseupmovement,3
bundestagswahl,anotherworldispossible,3
climatejusticenow,facetheclimateemergency,3
schoolstrike4climate,co2,3
fff,raiseyourstandards,3
bundestagswahl,ff,3
climateemergency,rt,3
digitalstrike,theworldiswatching,3
climateemergency,anotherworldispossible,3
climateemergency,pride,3
climateemergency,gogreen,3
fridays4future,greta,3
cop26glasgow,anotherworldispossible,3
bundestagswahl,allefür1komma5,3
climate,globalclimatestrike,3
climateemergency,actnow,3
climateemergency,riseupmovement,3
climateemergency,climate,3
climatejustice,greta,3
climatecrisis,globalstrike,3
klimaschutz,allefür1komma5,3
climatecrisis,klimawahl,3
klimastreik,ff,3
climatecrisis,laschet,3
climatecrisis,keepitintheground,3
climatecrisis,precop26,3
climatestrike,nytonpakko,3
climatestrike,unitebehindthescience,3
klimastreik,allefür1komma5,3
climatecrisis,bundestagswahl,3
climatecrisis,nytonpakko,3
climatestrike,bundestagswahl,3
climatecrisis,nordstream2,3
klimaschutz,anotherworldispossible,3
schoolstrike4climate,precop26,3
climatestrike,precop26,3
climatestrike,laschet,3
klimastreik,anotherworldispossible,3
klimastreik,gogreen,3
schoolstrike4climate,bundestagswahl,3
schoolstrike4climate,globalstrike,3
klimastreik,bundestagswahl21,3
klimaschutz,ff,3
climatecrisis,nomoreemptysummits,3
klimaschutz,nomoreblahblahblah,3
climatecrisis,anotherworldispossible,3
blackfriday,globalclimatestrike,3
climatecrisis,rt,3
klimastreik,cop26glasgow,3
schoolstrike4climate,ff,3
klimastreik,nomoreblahblahblah,3
klimaschutz,globalclimatestrike,3
klimastreik,glasgow,3
nordstream2,withdrawthecap,3
climatecrisis,ff,3
klimaschutz,bundestagswahl,3
climatecrisis,fridaythoughts,3
climatecrisis,allefür1komma5,3
climatestrike,berlin,3
neubauer,raiseyourstandards,3
climatestrike,nordstream2,3
climatejustice,nomoreemptysummits,3
actonclimate,facetheclimateemergency,3
klimastreik,bundestagswahl,3
klimakrise,raiseyourstandards,3
climatecrisis,greta,3
climatestrike,klimawahl,3
climatestrike,fridaythoughts,3
climatecrisis,klimawandel,3
schoolstrike4climate,berlin,3
neubauer,klimawahl,3
fridaymotivation,fridaymorning,3
ilmastokriisi,irtiturpeesta,3
neubauer,unitebehindthescience,3
neubauer,langstreckenluisa,3
fridaymotivation,globalclimatestrike,3
climatestrike,allefür1komma5,3
climatejusticenow,gogreen,3
climatejustice,unitebehindthescience,3
climatejusticenow,anotherworldispossible,3
climate,nomoreemptysummits,3
neubauer,cleanupstandardchartered,3
fridaymotivation,fridaythoughts,3
neubauer,endfossilfuels,3
climatestrike,nomoreemptysummits,3
climateemergency,klimakrise,3
climateemergency,co2,3
climateemergency,greennewdeal,3
climatecrisis,co2,3
climatecrisis,extinctionrebellion,3
makeparisreal,withdrawthecap,3
schoolstrike4climate,nytonpakko,3
glasgow,pride,3
climatecrisis,fridaymorning,3
climatecrisis,fridayfeeling,3
climatecrisis,friday,3
glasgow,gogreen,3
climatecrisis,nomoreblahblahblah,3
neubauer,withdrawthecap,3
climatecrisis,fridaymotivation,3
climatestrike,globalstrike,3
climatecrisis,votethiscapdown,3
climatecrisis,greennewdeal,3
climatecrisis,neubauer,3
climatecrisis,cop26glasgow,3
climatecrisis,makeparisreal,3
climatecrisis,ilmastokriisi,3
climatecrisis,ilmastolakko,3
climatecrisis,actonclimate,3
climatestrike,ff,3
climatecrisis,actnow,3
climatecrisis,riseupmovement,3
fridaysforfuture,ff,3
climateactionnow,ff,3
nytonpakko,irtiturpeesta,3
climatestrikeonline,pride,3
riseupmovement,facetheclimateemergency,3
gretathunberg,pride,3
fridaysforfuture,makeparisreal,3
fridayforfuture,fridaymotivation,3
greta,globalstrike,3
fridaysforfuture,friday,3
co2,pride,3
riseupmovement,climatejusticenow,3
klimawandel,klimakrise,3
fridayforfuture,greta,3
greta,precop26,3
climateaction,ff,3
fridayforfuture,endfossilfuels,3
climateaction,actonclimate,3
fridaysforfuture,nordstream2,3
fridaysforfuture,riseupmovement,3
gretathunberg,gogreen,3
ff,allefür1komma5,3
climatestrikeonline,irtiturpeesta,3
fridaysforfuture,klimaschutz,3
fridaysforfuture,fridayfeeling,3
fridaysforfuture,actonclimate,3
nomoreemptypromises,disharavi,3
uprootthesystem,disharavi,3
fridayforfuture,actnow,3
climateaction,blackfriday,3
fridaysforfuture,votethiscapdown,3
fridayforfuture,makeparisreal,3
fridaysforfuture,klimawahl,3
fridaysforfuture,greennewdeal,3
fridayforfuture,nomoreblahblahblah,3
climateaction,precop26,3
uprootthesystem,withdrawthecap,3
uprootthesystem,keepitintheground,3
uprootthesystem,globalstrike,3
fridaysforfuture,langstreckenluisa,3
uprootthesystem,nomoreemptysummits,3
climateaction,riseupmovement,3
uprootthesystem,precop26,3
riseupmovement,klimastreik,3
climateaction,neubauer,3
uprootthesystem,fridaythoughts,3
nomoreemptypromises,theworldiswatching,3
uprootthesystem,klimawahl,3
uprootthesystem,allefür1komma5,3
climateaction,nomoreblahblahblah,3
cleanupstandardchartered,unitebehindthescience,3
fridaysforfuture,berlin,3
uprootthesystem,cleanupstandardchartered,3
uprootthesystem,rt,3
climateaction,votethiscapdown,3
climateaction,globalstrike,3
fridaysforfuture,nytonpakko,3
climateaction,friday,3
climateaction,laschet,3
globalstrike,pride,3
climateaction,greta,3
uprootthesystem,anotherworldispossible,3
climatestrikeonline,raiseyourstandards,3
climateaction,bundestagswahl21,3
climateaction,keepitintheground,3
climatestrikeonline,theworldiswatching,3
globalclimatestrike,disharavi,3
uprootthesystem,laschet,3
fridaysforfuture,fridaymorning,3
gretathunberg,anotherworldispossible,3
climateaction,makeparisreal,3
fridaysforfuture,nomoreblahblahblah,3
uprootthesystem,bundestagswahl,3
uprootthesystem,pride,3
co2,globalclimatestrike,3
uprootthesystem,theworldiswatching,3
fightfor1point5,pride,3
fridaysforfuture,co2,3
fridayforfuture,greennewdeal,3
unitebehindthescience,klimawahl,3
klimawandel,fightfor1point5,3
fridayforfuture,neubauer,3
uprootthesystem,raiseyourstandards,3
fridaysforfuture,blackfriday,3
climateaction,klimawandel,3
fridayforfuture,fridayfeeling,3
fridaysforfuture,klimawandel,3
klimawandel,laschet,3
fridaysforfuture,fridaymotivation,3
fightfor1point5,disharavi,3
co2,globalstrike,3
cleanupstandardchartered,nordstream2,3
fridayforfuture,fridaymorning,3
cleanupstandardchartered,klimawahl,3
fridayforfuture,co2,3
greta,globalclimatestrike,3
uprootthesystem,gogreen,3
fridayforfuture,votethiscapdown,3
fridayforfuture,klimawandel,3
unitebehindthescience,raiseyourstandards,3
climateaction,bundestagswahl,3
climateaction,nordstream2,3
fridaysforfuture,precop26,3
fridaysforfuture,laschet,3
climateaction,berlin,3
climateaction,klimawahl,3
fridayforfuture,riseupmovement,3
fridaysforfuture,allefürsklima,3
fridaysforfuture,keepitintheground,3
fridayforfuture,blackfriday,3
klimawahl,raiseyourstandards,3
uprootthesystem,ff,3
riseupmovement,globalclimatestrike,3
uprootthesystem,berlin,3
unitebehindthescience,withdrawthecap,3
uprootthesystem,allefürsklima,3
co2,precop26,3
fridaysforfuture,bundestagswahl,3
climateaction,climate,3
climateaction,co2,3
klimawandel,fff,3
climatestrikeonline,gogreen,3
uprootthesystem,bundestagswahl21,3
climatestrikeonline,anotherworldispossible,3
